<?xml version="1.0" encoding="UTF-8"?>
<root>
  <item name="com.mapbox.mapboxsdk.constants.MyBearingTracking.Mode">
    <annotation name="android.support.annotation.IntDef">
      <val name="value" val="{com.mapbox.mapboxsdk.constants.MyBearingTracking.NONE, com.mapbox.mapboxsdk.constants.MyBearingTracking.COMPASS, com.mapbox.mapboxsdk.constants.MyBearingTracking.GPS, com.mapbox.mapboxsdk.constants.MyBearingTracking.GPS_NORTH_FACING}" />
    </annotation>
  </item>
  <item name="com.mapbox.mapboxsdk.constants.MyLocationTracking.Mode">
    <annotation name="android.support.annotation.IntDef">
      <val name="value" val="{com.mapbox.mapboxsdk.constants.MyLocationTracking.TRACKING_NONE, com.mapbox.mapboxsdk.constants.MyLocationTracking.TRACKING_FOLLOW}" />
    </annotation>
  </item>
  <item name="com.mapbox.mapboxsdk.constants.Style.StyleUrl">
    <annotation name="android.support.annotation.StringDef">
      <val name="value" val="{com.mapbox.mapboxsdk.constants.Style.MAPBOX_STREETS, com.mapbox.mapboxsdk.constants.Style.OUTDOORS, com.mapbox.mapboxsdk.constants.Style.LIGHT, com.mapbox.mapboxsdk.constants.Style.DARK, com.mapbox.mapboxsdk.constants.Style.SATELLITE, com.mapbox.mapboxsdk.constants.Style.SATELLITE_STREETS, com.mapbox.mapboxsdk.constants.Style.TRAFFIC_DAY, com.mapbox.mapboxsdk.constants.Style.TRAFFIC_NIGHT}" />
    </annotation>
  </item>
</root>

