<?xml version="1.0" encoding="UTF-8"?>
<root>
  <item name="com.mapbox.mapboxsdk.maps.widgets.MyLocationView int getMyBearingTrackingMode()">
    <annotation name="android.support.annotation.IntDef">
      <val name="value" val="{com.mapbox.mapboxsdk.constants.MyBearingTracking.NONE, com.mapbox.mapboxsdk.constants.MyBearingTracking.COMPASS, com.mapbox.mapboxsdk.constants.MyBearingTracking.GPS, com.mapbox.mapboxsdk.constants.MyBearingTracking.GPS_NORTH_FACING}" />
    </annotation>
  </item>
  <item name="com.mapbox.mapboxsdk.maps.widgets.MyLocationView int getMyLocationTrackingMode()">
    <annotation name="android.support.annotation.IntDef">
      <val name="value" val="{com.mapbox.mapboxsdk.constants.MyLocationTracking.TRACKING_NONE, com.mapbox.mapboxsdk.constants.MyLocationTracking.TRACKING_FOLLOW}" />
    </annotation>
  </item>
  <item name="com.mapbox.mapboxsdk.maps.widgets.MyLocationView myBearingTrackingMode">
    <annotation name="android.support.annotation.IntDef">
      <val name="value" val="{com.mapbox.mapboxsdk.constants.MyBearingTracking.NONE, com.mapbox.mapboxsdk.constants.MyBearingTracking.COMPASS, com.mapbox.mapboxsdk.constants.MyBearingTracking.GPS, com.mapbox.mapboxsdk.constants.MyBearingTracking.GPS_NORTH_FACING}" />
    </annotation>
  </item>
  <item name="com.mapbox.mapboxsdk.maps.widgets.MyLocationView myLocationTrackingMode">
    <annotation name="android.support.annotation.IntDef">
      <val name="value" val="{com.mapbox.mapboxsdk.constants.MyLocationTracking.TRACKING_NONE, com.mapbox.mapboxsdk.constants.MyLocationTracking.TRACKING_FOLLOW}" />
    </annotation>
  </item>
  <item name="com.mapbox.mapboxsdk.maps.widgets.MyLocationView void setMyBearingTrackingMode(int) 0">
    <annotation name="android.support.annotation.IntDef">
      <val name="value" val="{com.mapbox.mapboxsdk.constants.MyBearingTracking.NONE, com.mapbox.mapboxsdk.constants.MyBearingTracking.COMPASS, com.mapbox.mapboxsdk.constants.MyBearingTracking.GPS, com.mapbox.mapboxsdk.constants.MyBearingTracking.GPS_NORTH_FACING}" />
    </annotation>
  </item>
  <item name="com.mapbox.mapboxsdk.maps.widgets.MyLocationView void setMyLocationTrackingMode(int) 0">
    <annotation name="android.support.annotation.IntDef">
      <val name="value" val="{com.mapbox.mapboxsdk.constants.MyLocationTracking.TRACKING_NONE, com.mapbox.mapboxsdk.constants.MyLocationTracking.TRACKING_FOLLOW}" />
    </annotation>
  </item>
  <item name="com.mapbox.mapboxsdk.maps.widgets.MyLocationView.MyLocationBehaviorFactory com.mapbox.mapboxsdk.maps.widgets.MyLocationView.MyLocationBehavior getBehavioralModel(int) 0">
    <annotation name="android.support.annotation.IntDef">
      <val name="value" val="{com.mapbox.mapboxsdk.constants.MyLocationTracking.TRACKING_NONE, com.mapbox.mapboxsdk.constants.MyLocationTracking.TRACKING_FOLLOW}" />
    </annotation>
  </item>
</root>

